epoch_number,train_acc,train_loss,combined_val_acc,combined_val_loss,clean_val_acc,clean_val_loss,triggered_val_acc,triggered_val_loss
0,87.02717256296185,0.2793112536467442,94.15205295926643,0.2962378114857027,92.57239860145968,0.2081943060211996,95.73170731707317,0.0880435054645031
1,94.24544021545329,0.14848117198848745,93.93034477393046,0.3467088808917597,92.12898223078774,0.21015048458518343,95.73170731707317,0.1365583963065763
2,96.8589478398708,0.08482863366341672,94.25144561495618,0.3426714645276823,92.56793188031887,0.21141405253017204,95.9349593495935,0.1312574119975103
3,98.1771204256019,0.05220540020091343,94.05627604776302,0.4364158549949219,91.77108868089188,0.23040618062108517,96.34146341463415,0.20600967437383674
4,98.50236721460591,0.04129026429824803,93.82938695010111,0.6151897262283688,91.92706658312906,0.3440132415820931,95.73170731707317,0.27117648464627564
5,99.00088915214351,0.028828307222135422,93.87392149141789,0.44294432171239695,91.60963160072197,0.27213843376128044,96.13821138211382,0.17080588795111648
